artist,genre,artistType
10CM,락/인디,남성 소로
2AM,발라드,남성 그룹
2NE1,k-pop/댄스,여성 그룹
2PM,k-pop/댄스,남성 그룹
4minute,k-pop/댄스,여성 그룹
가인,k-pop/댄스,여성 솔로
"가인, 조권",k-pop/댄스,혼성 그룹
강승윤,락/인디,남성 솔로
개리,힙합,남성 솔로
거미,R&B,여성 솔로
거북이,k-pop/댄스,혼성 그룹
걸스데이,k-pop/댄스,여성 그룹
규현 (KYUHYUN),발라드,남성 솔로
"긱스 (Geeks), 소유 (SOYOU)",힙합,혼성 그룹
길구봉구,발라드,남성 솔로
김동률,발라드,남성 솔로
김범수,발라드,남성 솔로
김종국,발라드,남성 솔로
김태우,발라드,남성 솔로
김현정,k-pop/댄스,여성 솔로
나얼,발라드,남성 솔로
나윤권,발라드,남성 솔로
넬 (NELL),락/인디,남성 그룹
노을,발라드,남성 그룹
닐로(Nilo),발라드,남성 솔로
다비치,발라드,여성 그룹
동방신기 (TVXQ!),k-pop/댄스,남성 그룹
디셈버,발라드,남성 그룹
럼블피쉬,발라드,혼성 그룹
레드벨벳,k-pop/댄스,여성 그룹
 "로꼬, 유주 (여자친구)",k-pop/댄스,혼성 그룹
 "로꼬, 화사 (Hwa Sa)",k-pop/댄스,혼성 그룹
로이킴,발라드,남성 솔로
리쌍,힙합,남성 그룹
린,발라드,여성 솔로
마마무 (Mamamoo),k-pop/댄스,여성 그룹
마야,락/인디,여성 솔로
마크툽 (MAKTUB),발라드,남성 솔로
먼데이 키즈 (Monday Kiz),발라드,남성 그룹
멜로망스,발라드,남성 그룹
문문 (MoonMoon),락/인디,남성 솔로
미쓰에이,k-pop/댄스,여성 그룹
바이브,발라드,남성 그룹
박보람,k-pop/댄스,
박봄,발라드,여성 솔로
박원,발라드,남성 솔로
박재범,k-pop/댄스,남성 솔로
박재정,발라드,남성 솔로
박지윤,k-pop/댄스,여성 솔로
박진영,k-pop/댄스,남성 솔로
박효신,발라드,남성 솔로
방탄소년단,k-pop/댄스,남성 그룹
배치기,힙합,남성 그룹
백아연,락/인디,여성 솔로
백지영,발라드,여성 솔로
버스커 버스커,락/인디,남성 그룹
버즈,발라드,남성 그룹
범키,발라드,남성 솔로
벤,발라드,여성 솔로
변진섭,발라드,남성 솔로
보아 (BoA),k-pop/댄스,여성 솔로
볼빨간사춘기,k-pop/댄스,여성 그룹
"볼빨간사춘기, 스무살",k-pop/댄스,혼성 그룹
봄여름가을겨울,락/인디,남성 그룹
부활,락/인디,남성 그룹
브라운 아이즈,R&B,남성 그룹
브라운아이드걸스,k-pop/댄스,여성 그룹
블락비 (Block B),k-pop/댄스,남성 그룹
블루,R&B,남성 솔로
비,k-pop/댄스,남성 솔로
비스트,k-pop/댄스,남성 그룹
비투비,k-pop/댄스,남성 그룹
빅마마,발라드,여성 그룹
산들,k-pop/댄스,남성 솔로
"서인국, 정은지",발라드,혼성 두엣
서인영,k-pop/댄스,여성 솔로
선미,k-pop/댄스,여성 솔로
성시경,발라드,남성 솔로
소녀시대 (GIRLS` GENERATION),k-pop/댄스,여성 그룹
소녀시대-태티서 (Girls` Generation-TTS),k-pop/댄스,여성 그룹
소유 (SOYOU),k-pop/댄스,여성 솔로
"소유 (SOYOU), 매드클라운",k-pop/댄스,혼성 그룹
"소유 (SOYOU), 정기고",k-pop/댄스,혼성 그룹
소찬휘,k-pop/댄스,여성 솔로
손담비,k-pop/댄스,여성 솔로
송지은,발라드,여성 솔로
송하예,발라드,여성 솔로
숀 (SHAUN),k-pop/댄스,남성 솔로
"수지 (SUZY), 백현 (BAEKHYUN)",발라드,혼성 그룹
스탠딩에그,발라드,남성 그룹
시크릿,k-pop/댄스,여성 그룹
신현희와김루트,k-pop/댄스,혼성 그룹
싸이 (PSY),k-pop/댄스,남성 솔로
싹쓰리,k-pop/댄스,혼성 그룹
씨스타,k-pop/댄스,여성 그룹
씨스타19,k-pop/댄스,여성 그룹
씨야,발라드,여성 그룹
"씨야, 다비치, 티아라",k-pop/댄스,여성 그룹
아웃사이더,힙합,남성 솔로
아이비,k-pop/댄스,여성 솔로
아이유,k-pop/댄스,여성 솔로
애프터스쿨,k-pop/댄스,여성 그룹
양다일,발라드,남성 솔로
양파,발라드,여성 솔로
어반자카파,발라드,혼성 그룹
에디킴,발라드,남성 솔로
에일리(AILEE),k-pop/댄스,여성 솔로
에픽하이 (EPIK HIGH),힙합,남성 그룹
엔플라잉 (N.Flying),k-pop/댄스,남성 그룹
엠씨더맥스 (M.C the MAX),발라드,남성 솔로
여자친구 (GFRIEND),k-pop/댄스,여성 그룹
오렌지 캬라멜,k-pop/댄스,여성 그룹
오마이걸,k-pop/댄스,여성 그룹
오혁,락/인디,남성 솔로
왁스,발라드,여성 솔로
우디 (Woody),k-pop/댄스,남성 솔로
우원재,힙합,남성 솔로
울랄라세션,발라드,남성 그룹
원더걸스,k-pop/댄스,여성 그룹
유리상자,발라드,남성 그룹
윤건,락/인디,남성 솔로
윤도현,락/인디,남성 솔로
윤미래,발라드,여성 솔로
윤종신,발라드,남성 솔로
윤하 (YOUNHA),락/인디,여성 솔로
이루,발라드,남성 솔로
"이루, Daylight",발라드,혼성 그룹
이선희,발라드,여성 솔로
이소라,발라드,여성 솔로
이승기,발라드,남성 솔로
이승철,발라드,남성 솔로
"이유 갓지(GOD G) 않은 이유 (박명수, 아이유)",k-pop/댄스,
이적,락/인디,남성 솔로
이정현,k-pop/댄스,여성 솔로
이하이,R&B,여성 솔로
이현,발라드,남성 솔로
이효리,k-pop/댄스,여성 솔로
"인크레더블, Tablo, 지누션",힙합,
임재범,발라드,남성 솔로
임창정,발라드,남성 솔로
임한별,발라드,남성 솔로
자우림,락/인디,혼성 그룹
잔나비,락/인디,남성 그룹
장덕철,발라드,남성 솔로
장범준,발라드,남성 솔로
"장혜진, 윤민수(바이브)",발라드,혼성 그룹
전미도,발라드,여성 솔로
정승환,발라드,남성 솔로
정은지,발라드,여성 솔로
정준일,k-pop/댄스,남성 솔로
정키,R&B,남성 솔로
제니 (JENNIE),k-pop/댄스,여성 솔로
조수미,발라드,여성 솔로
쥬얼리,k-pop/댄스,여성 그룹
지나,발라드,여성 솔로
지코,k-pop/댄스,남성 솔로
지코 (ZICO),k-pop/댄스,남성 솔로
창모,힙합,
처진 달팽이 (유재석 & 이적),k-pop/댄스,남성 그룹
청하,k-pop/댄스,여성 솔로
체리 필터,락/인디,혼성 그룹
"첸 (CHEN), 펀치 (Punch)",발라드,혼성 그룹
카라,k-pop/댄스,여성 그룹
케이시 (Kassy),발라드,여성 솔로
케이윌,발라드,남성 솔로
쿨 (COOL),k-pop/댄스,혼성 그룹
크레용팝,k-pop/댄스,여성 그룹
태양,R&B,남성 솔로
태연 (TAEYEON),발라드,여성 솔로
토이,발라드,남성 솔로
트러블메이커,k-pop/댄스,혼성 그룹
티아라,k-pop/댄스,여성 그룹
펀치 (Punch),k-pop/댄스,여성 솔로
포맨,발라드,남성 그룹
"포맨, 미(MIIII)",발라드,혼성 그룹
포스트맨(Postmen),발라드,남성 그룹
폴킴,발라드,남성 솔로
프라이머리,힙합,남성 그룹
프리스타일,힙합,남성 그룹
하동균,발라드,남성 솔로
하이라이트 (Highlight),k-pop/댄스,남성 그룹
한동근,발라드,남성 솔로
한로로,락/인디,여성 솔로
허각,발라드,남성 솔로
"허각, 정은지",k-pop/댄스,혼성 그룹
"허각, 지아",발라드,혼성 그룹
헤이즈 (Heize),힙합,여성 솔로
혁오 (HYUKOH),락/인디,남성 그룹
현아,k-pop/댄스,여성 솔로
화사,k-pop/댄스,여성 솔로
화사 (Hwa Sa),k-pop/댄스,여성 솔로
황인욱,발라드,남성 솔로
황치열,발라드,남성 솔로
"황태지 (황광희, 태양, 지드래곤)",k-pop/댄스,남성 그룹
휘성 (Realslow),R&B,남성 솔로
AKMU (악동뮤지션),k-pop/댄스,혼성 그룹
AOA,k-pop/댄스,여성 그룹
Apink (에이핑크),k-pop/댄스,여성 그룹
BewhY (비와이),힙합,남성 솔로
BIGBANG,k-pop/댄스,남성 그룹
BLACKPINK,k-pop/댄스,여성 그룹
BMK,발라드,여성 솔로
BOBBY,k-pop/댄스,남성 솔로
CNBLUE (씨엔블루),락/인디,남성 그룹
Crush,R&B,남성 솔로
DEAN,R&B,남성 솔로
EXID,k-pop/댄스,여성 그룹
EXO,k-pop/댄스,남성 그룹
EXO-K,k-pop/댄스,남성 그룹
f(x),k-pop/댄스,여성 그룹
FTISLAND (FT아일랜드),락/인디,남성 그룹
G-DRAGON,k-pop/댄스,남성 솔로
GD&TOP,k-pop/댄스,남성 그룹
GG (박명수 & G-Dragon),k-pop/댄스,남성 그룹
"HIGH4 (하이포), 아이유",k-pop/댄스,혼성 그룹
"Homme (창민, 이현)",발라드,남성 그룹
HYNN (박혜원),k-pop/댄스,여성 솔로
iKON,k-pop/댄스,남성 그룹
ITZY (있지),k-pop/댄스,여성 그룹
izi,발라드,남성 그룹
JUNIEL,락/인디,여성 솔로
"Jvcki Wai, 양홍원, Osshun Gum, 한요한",힙합,
MC몽,힙합,남성 솔로
"MC몽, 서인영",힙합,혼성 그룹
MINO (송민호),발라드,남성 솔로
Red Velvet (레드벨벳),k-pop/댄스,여성 그룹
San E,힙합,남성 솔로
SG 워너비,발라드,남성 그룹
SHINee (샤이니),k-pop/댄스,남성 그룹
SS501,k-pop/댄스,남성 그룹
SUPER JUNIOR (슈퍼주니어),k-pop/댄스,남성 그룹
Supreme Team,힙합,남성 그룹
"Supreme Team, 영준 (브라운 아이드 소울)",힙합,혼성 그룹
TWICE (트와이스),k-pop/댄스,여성 그룹
WINNER,k-pop/댄스,남성 그룹
WOODZ,락/인디,남성 솔로
YB,락/인디,남성 그룹
Zion.T,R&B,남성 솔로
"Zion.T, Crush",R&B,남성 그룹
